%time,field.header.seq,field.header.stamp,field.header.frame_id,field.status0.level,field.status0.name,field.status0.message,field.status0.hardware_id,field.status0.values0.key,field.status0.values0.value,field.status0.values1.key,field.status0.values1.value,field.status0.values2.key,field.status0.values2.value,field.status0.values3.key,field.status0.values3.value,field.status0.values4.key,field.status0.values4.value,field.status0.values5.key,field.status0.values5.value,field.status0.values6.key,field.status0.values6.value,field.status0.values7.key,field.status0.values7.value,field.status0.values8.key,field.status0.values8.value,field.status0.values9.key,field.status0.values9.value,field.status0.values10.key,field.status0.values10.value,field.status0.values11.key,field.status0.values11.value,field.status0.values12.key,field.status0.values12.value,field.status0.values13.key,field.status0.values13.value,field.status1.level,field.status1.name,field.status1.message,field.status1.hardware_id,field.status1.values0.key,field.status1.values0.value,field.status1.values1.key,field.status1.values1.value,field.status1.values2.key,field.status1.values2.value,field.status1.values3.key,field.status1.values3.value,field.status1.values4.key,field.status1.values4.value,field.status1.values5.key,field.status1.values5.value,field.status1.values6.key,field.status1.values6.value
1583763060238337669,1456,1583763052972258034,,0,urg_node_front: Hardware Status,Streaming,H1885254,Serial Port,/dev/devices/hokuyofront,Serial Baud,115200,Vendor Name,Hokuyo Automatic Co.,Ltd.,Product Name,SOKUIKI Sensor URG-04LX-UG01(Simple-URG),Firmware Version,3.4.03,Firmware Date,17/Dec./2012,Protocol Version,SCIP 2.0,Device ID,H1885254,Computed Latency,0.-97883417,User Time Offset,0.000000000,Device Status,Sensor works well.,Scan Retrieve Error Count,0,Lidar Error Code,0,Locked out,False,0,urg_node_front: Laser Scan topic status,,H1885254,Events in window,50,Events since startup,14528,Duration of window (s),5.029150,Actual frequency (Hz),9.942037,Target frequency (Hz),10.000000,Minimum acceptable frequency (Hz),9.500000,Maximum acceptable frequency (Hz),10.500000
1583763060238795312,1457,1583763053980660455,,0,urg_node_front: Hardware Status,Streaming,H1885254,Serial Port,/dev/devices/hokuyofront,Serial Baud,115200,Vendor Name,Hokuyo Automatic Co.,Ltd.,Product Name,SOKUIKI Sensor URG-04LX-UG01(Simple-URG),Firmware Version,3.4.03,Firmware Date,17/Dec./2012,Protocol Version,SCIP 2.0,Device ID,H1885254,Computed Latency,0.-97883417,User Time Offset,0.000000000,Device Status,Sensor works well.,Scan Retrieve Error Count,0,Lidar Error Code,0,Locked out,False,0,urg_node_front: Laser Scan topic status,,H1885254,Events in window,50,Events since startup,14538,Duration of window (s),5.037423,Actual frequency (Hz),9.925710,Target frequency (Hz),10.000000,Minimum acceptable frequency (Hz),9.500000,Maximum acceptable frequency (Hz),10.500000
1583763060239659382,1458,1583763054988933411,,0,urg_node_front: Hardware Status,Streaming,H1885254,Serial Port,/dev/devices/hokuyofront,Serial Baud,115200,Vendor Name,Hokuyo Automatic Co.,Ltd.,Product Name,SOKUIKI Sensor URG-04LX-UG01(Simple-URG),Firmware Version,3.4.03,Firmware Date,17/Dec./2012,Protocol Version,SCIP 2.0,Device ID,H1885254,Computed Latency,0.-97883417,User Time Offset,0.000000000,Device Status,Sensor works well.,Scan Retrieve Error Count,0,Lidar Error Code,0,Locked out,False,0,urg_node_front: Laser Scan topic status,,H1885254,Events in window,50,Events since startup,14548,Duration of window (s),5.036982,Actual frequency (Hz),9.926579,Target frequency (Hz),10.000000,Minimum acceptable frequency (Hz),9.500000,Maximum acceptable frequency (Hz),10.500000
1583763060240275509,1459,1583763055996222770,,0,urg_node_front: Hardware Status,Streaming,H1885254,Serial Port,/dev/devices/hokuyofront,Serial Baud,115200,Vendor Name,Hokuyo Automatic Co.,Ltd.,Product Name,SOKUIKI Sensor URG-04LX-UG01(Simple-URG),Firmware Version,3.4.03,Firmware Date,17/Dec./2012,Protocol Version,SCIP 2.0,Device ID,H1885254,Computed Latency,0.-97883417,User Time Offset,0.000000000,Device Status,Sensor works well.,Scan Retrieve Error Count,0,Lidar Error Code,0,Locked out,False,0,urg_node_front: Laser Scan topic status,,H1885254,Events in window,50,Events since startup,14558,Duration of window (s),5.036598,Actual frequency (Hz),9.927335,Target frequency (Hz),10.000000,Minimum acceptable frequency (Hz),9.500000,Maximum acceptable frequency (Hz),10.500000
1583763060240807631,1460,1583763057002342148,,0,urg_node_front: Hardware Status,Streaming,H1885254,Serial Port,/dev/devices/hokuyofront,Serial Baud,115200,Vendor Name,Hokuyo Automatic Co.,Ltd.,Product Name,SOKUIKI Sensor URG-04LX-UG01(Simple-URG),Firmware Version,3.4.03,Firmware Date,17/Dec./2012,Protocol Version,SCIP 2.0,Device ID,H1885254,Computed Latency,0.-97883417,User Time Offset,0.000000000,Device Status,Sensor works well.,Scan Retrieve Error Count,0,Lidar Error Code,0,Locked out,False,0,urg_node_front: Laser Scan topic status,,H1885254,Events in window,50,Events since startup,14568,Duration of window (s),5.036583,Actual frequency (Hz),9.927366,Target frequency (Hz),10.000000,Minimum acceptable frequency (Hz),9.500000,Maximum acceptable frequency (Hz),10.500000
1583763060241389346,1461,1583763058008603386,,0,urg_node_front: Hardware Status,Streaming,H1885254,Serial Port,/dev/devices/hokuyofront,Serial Baud,115200,Vendor Name,Hokuyo Automatic Co.,Ltd.,Product Name,SOKUIKI Sensor URG-04LX-UG01(Simple-URG),Firmware Version,3.4.03,Firmware Date,17/Dec./2012,Protocol Version,SCIP 2.0,Device ID,H1885254,Computed Latency,0.-97883417,User Time Offset,0.000000000,Device Status,Sensor works well.,Scan Retrieve Error Count,0,Lidar Error Code,0,Locked out,False,0,urg_node_front: Laser Scan topic status,,H1885254,Events in window,51,Events since startup,14579,Duration of window (s),5.036339,Actual frequency (Hz),10.126403,Target frequency (Hz),10.000000,Minimum acceptable frequency (Hz),9.500000,Maximum acceptable frequency (Hz),10.500000
1583763060243062292,1462,1583763059016449519,,0,urg_node_front: Hardware Status,Streaming,H1885254,Serial Port,/dev/devices/hokuyofront,Serial Baud,115200,Vendor Name,Hokuyo Automatic Co.,Ltd.,Product Name,SOKUIKI Sensor URG-04LX-UG01(Simple-URG),Firmware Version,3.4.03,Firmware Date,17/Dec./2012,Protocol Version,SCIP 2.0,Device ID,H1885254,Computed Latency,0.-97883417,User Time Offset,0.000000000,Device Status,Sensor works well.,Scan Retrieve Error Count,0,Lidar Error Code,0,Locked out,False,0,urg_node_front: Laser Scan topic status,,H1885254,Events in window,51,Events since startup,14589,Duration of window (s),5.035812,Actual frequency (Hz),10.127463,Target frequency (Hz),10.000000,Minimum acceptable frequency (Hz),9.500000,Maximum acceptable frequency (Hz),10.500000
1583763060244100544,1463,1583763060026299177,,0,urg_node_front: Hardware Status,Streaming,H1885254,Serial Port,/dev/devices/hokuyofront,Serial Baud,115200,Vendor Name,Hokuyo Automatic Co.,Ltd.,Product Name,SOKUIKI Sensor URG-04LX-UG01(Simple-URG),Firmware Version,3.4.03,Firmware Date,17/Dec./2012,Protocol Version,SCIP 2.0,Device ID,H1885254,Computed Latency,0.-97883417,User Time Offset,0.000000000,Device Status,Sensor works well.,Scan Retrieve Error Count,0,Lidar Error Code,0,Locked out,False,0,urg_node_front: Laser Scan topic status,,H1885254,Events in window,51,Events since startup,14599,Duration of window (s),5.037380,Actual frequency (Hz),10.124311,Target frequency (Hz),10.000000,Minimum acceptable frequency (Hz),9.500000,Maximum acceptable frequency (Hz),10.500000
1583763061034660583,1464,1583763061034706361,,0,urg_node_front: Hardware Status,Streaming,H1885254,Serial Port,/dev/devices/hokuyofront,Serial Baud,115200,Vendor Name,Hokuyo Automatic Co.,Ltd.,Product Name,SOKUIKI Sensor URG-04LX-UG01(Simple-URG),Firmware Version,3.4.03,Firmware Date,17/Dec./2012,Protocol Version,SCIP 2.0,Device ID,H1885254,Computed Latency,0.-97883417,User Time Offset,0.000000000,Device Status,Sensor works well.,Scan Retrieve Error Count,0,Lidar Error Code,0,Locked out,False,0,urg_node_front: Laser Scan topic status,,H1885254,Events in window,51,Events since startup,14609,Duration of window (s),5.038472,Actual frequency (Hz),10.122117,Target frequency (Hz),10.000000,Minimum acceptable frequency (Hz),9.500000,Maximum acceptable frequency (Hz),10.500000
1583763062109008885,1465,1583763062042463399,,0,urg_node_front: Hardware Status,Streaming,H1885254,Serial Port,/dev/devices/hokuyofront,Serial Baud,115200,Vendor Name,Hokuyo Automatic Co.,Ltd.,Product Name,SOKUIKI Sensor URG-04LX-UG01(Simple-URG),Firmware Version,3.4.03,Firmware Date,17/Dec./2012,Protocol Version,SCIP 2.0,Device ID,H1885254,Computed Latency,0.-97883417,User Time Offset,0.000000000,Device Status,Sensor works well.,Scan Retrieve Error Count,0,Lidar Error Code,0,Locked out,False,0,urg_node_front: Laser Scan topic status,,H1885254,Events in window,51,Events since startup,14619,Duration of window (s),5.040134,Actual frequency (Hz),10.118779,Target frequency (Hz),10.000000,Minimum acceptable frequency (Hz),9.500000,Maximum acceptable frequency (Hz),10.500000
1583763063117100237,1466,1583763063049673639,,0,urg_node_front: Hardware Status,Streaming,H1885254,Serial Port,/dev/devices/hokuyofront,Serial Baud,115200,Vendor Name,Hokuyo Automatic Co.,Ltd.,Product Name,SOKUIKI Sensor URG-04LX-UG01(Simple-URG),Firmware Version,3.4.03,Firmware Date,17/Dec./2012,Protocol Version,SCIP 2.0,Device ID,H1885254,Computed Latency,0.-97883417,User Time Offset,0.000000000,Device Status,Sensor works well.,Scan Retrieve Error Count,0,Lidar Error Code,0,Locked out,False,0,urg_node_front: Laser Scan topic status,,H1885254,Events in window,50,Events since startup,14629,Duration of window (s),5.041080,Actual frequency (Hz),9.918510,Target frequency (Hz),10.000000,Minimum acceptable frequency (Hz),9.500000,Maximum acceptable frequency (Hz),10.500000
1583763064109099533,1467,1583763064059961120,,0,urg_node_front: Hardware Status,Streaming,H1885254,Serial Port,/dev/devices/hokuyofront,Serial Baud,115200,Vendor Name,Hokuyo Automatic Co.,Ltd.,Product Name,SOKUIKI Sensor URG-04LX-UG01(Simple-URG),Firmware Version,3.4.03,Firmware Date,17/Dec./2012,Protocol Version,SCIP 2.0,Device ID,H1885254,Computed Latency,0.-97883417,User Time Offset,0.000000000,Device Status,Sensor works well.,Scan Retrieve Error Count,0,Lidar Error Code,0,Locked out,False,0,urg_node_front: Laser Scan topic status,,H1885254,Events in window,50,Events since startup,14639,Duration of window (s),5.043511,Actual frequency (Hz),9.913729,Target frequency (Hz),10.000000,Minimum acceptable frequency (Hz),9.500000,Maximum acceptable frequency (Hz),10.500000
1583763065063982637,1468,1583763065061183900,,0,urg_node_front: Hardware Status,Streaming,H1885254,Serial Port,/dev/devices/hokuyofront,Serial Baud,115200,Vendor Name,Hokuyo Automatic Co.,Ltd.,Product Name,SOKUIKI Sensor URG-04LX-UG01(Simple-URG),Firmware Version,3.4.03,Firmware Date,17/Dec./2012,Protocol Version,SCIP 2.0,Device ID,H1885254,Computed Latency,0.-97883417,User Time Offset,0.000000000,Device Status,Sensor works well.,Scan Retrieve Error Count,0,Lidar Error Code,0,Locked out,False,0,urg_node_front: Laser Scan topic status,,H1885254,Events in window,50,Events since startup,14649,Duration of window (s),5.034872,Actual frequency (Hz),9.930739,Target frequency (Hz),10.000000,Minimum acceptable frequency (Hz),9.500000,Maximum acceptable frequency (Hz),10.500000
1583763066069821691,1469,1583763066062494386,,0,urg_node_front: Hardware Status,Streaming,H1885254,Serial Port,/dev/devices/hokuyofront,Serial Baud,115200,Vendor Name,Hokuyo Automatic Co.,Ltd.,Product Name,SOKUIKI Sensor URG-04LX-UG01(Simple-URG),Firmware Version,3.4.03,Firmware Date,17/Dec./2012,Protocol Version,SCIP 2.0,Device ID,H1885254,Computed Latency,0.-97883417,User Time Offset,0.000000000,Device Status,Sensor works well.,Scan Retrieve Error Count,0,Lidar Error Code,0,Locked out,False,0,urg_node_front: Laser Scan topic status,,H1885254,Events in window,50,Events since startup,14659,Duration of window (s),5.027789,Actual frequency (Hz),9.944730,Target frequency (Hz),10.000000,Minimum acceptable frequency (Hz),9.500000,Maximum acceptable frequency (Hz),10.500000
1583763067076158421,1470,1583763067072711294,,0,urg_node_front: Hardware Status,Streaming,H1885254,Serial Port,/dev/devices/hokuyofront,Serial Baud,115200,Vendor Name,Hokuyo Automatic Co.,Ltd.,Product Name,SOKUIKI Sensor URG-04LX-UG01(Simple-URG),Firmware Version,3.4.03,Firmware Date,17/Dec./2012,Protocol Version,SCIP 2.0,Device ID,H1885254,Computed Latency,0.-97883417,User Time Offset,0.000000000,Device Status,Sensor works well.,Scan Retrieve Error Count,0,Lidar Error Code,0,Locked out,False,0,urg_node_front: Laser Scan topic status,,H1885254,Events in window,50,Events since startup,14669,Duration of window (s),5.030207,Actual frequency (Hz),9.939949,Target frequency (Hz),10.000000,Minimum acceptable frequency (Hz),9.500000,Maximum acceptable frequency (Hz),10.500000
1583763068073515463,1471,1583763068073470758,,0,urg_node_front: Hardware Status,Streaming,H1885254,Serial Port,/dev/devices/hokuyofront,Serial Baud,115200,Vendor Name,Hokuyo Automatic Co.,Ltd.,Product Name,SOKUIKI Sensor URG-04LX-UG01(Simple-URG),Firmware Version,3.4.03,Firmware Date,17/Dec./2012,Protocol Version,SCIP 2.0,Device ID,H1885254,Computed Latency,0.-97883417,User Time Offset,0.000000000,Device Status,Sensor works well.,Scan Retrieve Error Count,0,Lidar Error Code,0,Locked out,False,0,urg_node_front: Laser Scan topic status,,H1885254,Events in window,50,Events since startup,14679,Duration of window (s),5.023770,Actual frequency (Hz),9.952686,Target frequency (Hz),10.000000,Minimum acceptable frequency (Hz),9.500000,Maximum acceptable frequency (Hz),10.500000
1583763069098953335,1472,1583763069083409813,,0,urg_node_front: Hardware Status,Streaming,H1885254,Serial Port,/dev/devices/hokuyofront,Serial Baud,115200,Vendor Name,Hokuyo Automatic Co.,Ltd.,Product Name,SOKUIKI Sensor URG-04LX-UG01(Simple-URG),Firmware Version,3.4.03,Firmware Date,17/Dec./2012,Protocol Version,SCIP 2.0,Device ID,H1885254,Computed Latency,0.-97883417,User Time Offset,0.000000000,Device Status,Sensor works well.,Scan Retrieve Error Count,0,Lidar Error Code,0,Locked out,False,0,urg_node_front: Laser Scan topic status,,H1885254,Events in window,50,Events since startup,14689,Duration of window (s),5.023450,Actual frequency (Hz),9.953319,Target frequency (Hz),10.000000,Minimum acceptable frequency (Hz),9.500000,Maximum acceptable frequency (Hz),10.500000
1583763070109360173,1473,1583763070092598475,,0,urg_node_front: Hardware Status,Streaming,H1885254,Serial Port,/dev/devices/hokuyofront,Serial Baud,115200,Vendor Name,Hokuyo Automatic Co.,Ltd.,Product Name,SOKUIKI Sensor URG-04LX-UG01(Simple-URG),Firmware Version,3.4.03,Firmware Date,17/Dec./2012,Protocol Version,SCIP 2.0,Device ID,H1885254,Computed Latency,0.-97883417,User Time Offset,0.000000000,Device Status,Sensor works well.,Scan Retrieve Error Count,0,Lidar Error Code,0,Locked out,False,0,urg_node_front: Laser Scan topic status,,H1885254,Events in window,50,Events since startup,14699,Duration of window (s),5.031406,Actual frequency (Hz),9.937579,Target frequency (Hz),10.000000,Minimum acceptable frequency (Hz),9.500000,Maximum acceptable frequency (Hz),10.500000
1583763071109742207,1474,1583763071100501022,,0,urg_node_front: Hardware Status,Streaming,H1885254,Serial Port,/dev/devices/hokuyofront,Serial Baud,115200,Vendor Name,Hokuyo Automatic Co.,Ltd.,Product Name,SOKUIKI Sensor URG-04LX-UG01(Simple-URG),Firmware Version,3.4.03,Firmware Date,17/Dec./2012,Protocol Version,SCIP 2.0,Device ID,H1885254,Computed Latency,0.-97883417,User Time Offset,0.000000000,Device Status,Sensor works well.,Scan Retrieve Error Count,0,Lidar Error Code,0,Locked out,False,0,urg_node_front: Laser Scan topic status,,H1885254,Events in window,50,Events since startup,14709,Duration of window (s),5.038015,Actual frequency (Hz),9.924544,Target frequency (Hz),10.000000,Minimum acceptable frequency (Hz),9.500000,Maximum acceptable frequency (Hz),10.500000
1583763072119816159,1475,1583763072108295029,,0,urg_node_front: Hardware Status,Streaming,H1885254,Serial Port,/dev/devices/hokuyofront,Serial Baud,115200,Vendor Name,Hokuyo Automatic Co.,Ltd.,Product Name,SOKUIKI Sensor URG-04LX-UG01(Simple-URG),Firmware Version,3.4.03,Firmware Date,17/Dec./2012,Protocol Version,SCIP 2.0,Device ID,H1885254,Computed Latency,0.-97883417,User Time Offset,0.000000000,Device Status,Sensor works well.,Scan Retrieve Error Count,0,Lidar Error Code,0,Locked out,False,0,urg_node_front: Laser Scan topic status,,H1885254,Events in window,50,Events since startup,14719,Duration of window (s),5.035601,Actual frequency (Hz),9.929302,Target frequency (Hz),10.000000,Minimum acceptable frequency (Hz),9.500000,Maximum acceptable frequency (Hz),10.500000
1583763073119161159,1476,1583763073116404254,,0,urg_node_front: Hardware Status,Streaming,H1885254,Serial Port,/dev/devices/hokuyofront,Serial Baud,115200,Vendor Name,Hokuyo Automatic Co.,Ltd.,Product Name,SOKUIKI Sensor URG-04LX-UG01(Simple-URG),Firmware Version,3.4.03,Firmware Date,17/Dec./2012,Protocol Version,SCIP 2.0,Device ID,H1885254,Computed Latency,0.-97883417,User Time Offset,0.000000000,Device Status,Sensor works well.,Scan Retrieve Error Count,0,Lidar Error Code,0,Locked out,False,0,urg_node_front: Laser Scan topic status,,H1885254,Events in window,50,Events since startup,14729,Duration of window (s),5.042948,Actual frequency (Hz),9.914835,Target frequency (Hz),10.000000,Minimum acceptable frequency (Hz),9.500000,Maximum acceptable frequency (Hz),10.500000
1583763074134102134,1477,1583763074124580755,,0,urg_node_front: Hardware Status,Streaming,H1885254,Serial Port,/dev/devices/hokuyofront,Serial Baud,115200,Vendor Name,Hokuyo Automatic Co.,Ltd.,Product Name,SOKUIKI Sensor URG-04LX-UG01(Simple-URG),Firmware Version,3.4.03,Firmware Date,17/Dec./2012,Protocol Version,SCIP 2.0,Device ID,H1885254,Computed Latency,0.-97883417,User Time Offset,0.000000000,Device Status,Sensor works well.,Scan Retrieve Error Count,0,Lidar Error Code,0,Locked out,False,0,urg_node_front: Laser Scan topic status,,H1885254,Events in window,50,Events since startup,14739,Duration of window (s),5.041172,Actual frequency (Hz),9.918329,Target frequency (Hz),10.000000,Minimum acceptable frequency (Hz),9.500000,Maximum acceptable frequency (Hz),10.500000
1583763075130305627,1478,1583763075132212182,,0,urg_node_front: Hardware Status,Streaming,H1885254,Serial Port,/dev/devices/hokuyofront,Serial Baud,115200,Vendor Name,Hokuyo Automatic Co.,Ltd.,Product Name,SOKUIKI Sensor URG-04LX-UG01(Simple-URG),Firmware Version,3.4.03,Firmware Date,17/Dec./2012,Protocol Version,SCIP 2.0,Device ID,H1885254,Computed Latency,0.-97883417,User Time Offset,0.000000000,Device Status,Sensor works well.,Scan Retrieve Error Count,0,Lidar Error Code,0,Locked out,False,0,urg_node_front: Laser Scan topic status,,H1885254,Events in window,50,Events since startup,14749,Duration of window (s),5.039614,Actual frequency (Hz),9.921396,Target frequency (Hz),10.000000,Minimum acceptable frequency (Hz),9.500000,Maximum acceptable frequency (Hz),10.500000
1583763076142331880,1479,1583763076142002616,,0,urg_node_front: Hardware Status,Streaming,H1885254,Serial Port,/dev/devices/hokuyofront,Serial Baud,115200,Vendor Name,Hokuyo Automatic Co.,Ltd.,Product Name,SOKUIKI Sensor URG-04LX-UG01(Simple-URG),Firmware Version,3.4.03,Firmware Date,17/Dec./2012,Protocol Version,SCIP 2.0,Device ID,H1885254,Computed Latency,0.-97883417,User Time Offset,0.000000000,Device Status,Sensor works well.,Scan Retrieve Error Count,0,Lidar Error Code,0,Locked out,False,0,urg_node_front: Laser Scan topic status,,H1885254,Events in window,51,Events since startup,14760,Duration of window (s),5.041493,Actual frequency (Hz),10.116050,Target frequency (Hz),10.000000,Minimum acceptable frequency (Hz),9.500000,Maximum acceptable frequency (Hz),10.500000
1583763077153314067,1480,1583763077151119627,,0,urg_node_front: Hardware Status,Streaming,H1885254,Serial Port,/dev/devices/hokuyofront,Serial Baud,115200,Vendor Name,Hokuyo Automatic Co.,Ltd.,Product Name,SOKUIKI Sensor URG-04LX-UG01(Simple-URG),Firmware Version,3.4.03,Firmware Date,17/Dec./2012,Protocol Version,SCIP 2.0,Device ID,H1885254,Computed Latency,0.-97883417,User Time Offset,0.000000000,Device Status,Sensor works well.,Scan Retrieve Error Count,0,Lidar Error Code,0,Locked out,False,0,urg_node_front: Laser Scan topic status,,H1885254,Events in window,51,Events since startup,14770,Duration of window (s),5.042835,Actual frequency (Hz),10.113358,Target frequency (Hz),10.000000,Minimum acceptable frequency (Hz),9.500000,Maximum acceptable frequency (Hz),10.500000
1583763078157508324,1481,1583763078160057431,,0,urg_node_front: Hardware Status,Streaming,H1885254,Serial Port,/dev/devices/hokuyofront,Serial Baud,115200,Vendor Name,Hokuyo Automatic Co.,Ltd.,Product Name,SOKUIKI Sensor URG-04LX-UG01(Simple-URG),Firmware Version,3.4.03,Firmware Date,17/Dec./2012,Protocol Version,SCIP 2.0,Device ID,H1885254,Computed Latency,0.-97883417,User Time Offset,0.000000000,Device Status,Sensor works well.,Scan Retrieve Error Count,0,Lidar Error Code,0,Locked out,False,0,urg_node_front: Laser Scan topic status,,H1885254,Events in window,51,Events since startup,14780,Duration of window (s),5.043659,Actual frequency (Hz),10.111707,Target frequency (Hz),10.000000,Minimum acceptable frequency (Hz),9.500000,Maximum acceptable frequency (Hz),10.500000
1583763079166288486,1482,1583763079169394345,,0,urg_node_front: Hardware Status,Streaming,H1885254,Serial Port,/dev/devices/hokuyofront,Serial Baud,115200,Vendor Name,Hokuyo Automatic Co.,Ltd.,Product Name,SOKUIKI Sensor URG-04LX-UG01(Simple-URG),Firmware Version,3.4.03,Firmware Date,17/Dec./2012,Protocol Version,SCIP 2.0,Device ID,H1885254,Computed Latency,0.-97883417,User Time Offset,0.000000000,Device Status,Sensor works well.,Scan Retrieve Error Count,0,Lidar Error Code,0,Locked out,False,0,urg_node_front: Laser Scan topic status,,H1885254,Events in window,51,Events since startup,14790,Duration of window (s),5.044821,Actual frequency (Hz),10.109378,Target frequency (Hz),10.000000,Minimum acceptable frequency (Hz),9.500000,Maximum acceptable frequency (Hz),10.500000
1583763080177045792,1483,1583763080179250251,,0,urg_node_front: Hardware Status,Streaming,H1885254,Serial Port,/dev/devices/hokuyofront,Serial Baud,115200,Vendor Name,Hokuyo Automatic Co.,Ltd.,Product Name,SOKUIKI Sensor URG-04LX-UG01(Simple-URG),Firmware Version,3.4.03,Firmware Date,17/Dec./2012,Protocol Version,SCIP 2.0,Device ID,H1885254,Computed Latency,0.-97883417,User Time Offset,0.000000000,Device Status,Sensor works well.,Scan Retrieve Error Count,0,Lidar Error Code,0,Locked out,False,0,urg_node_front: Laser Scan topic status,,H1885254,Events in window,51,Events since startup,14800,Duration of window (s),5.047035,Actual frequency (Hz),10.104942,Target frequency (Hz),10.000000,Minimum acceptable frequency (Hz),9.500000,Maximum acceptable frequency (Hz),10.500000
1583763081214575395,1484,1583763081188809769,,0,urg_node_front: Hardware Status,Streaming,H1885254,Serial Port,/dev/devices/hokuyofront,Serial Baud,115200,Vendor Name,Hokuyo Automatic Co.,Ltd.,Product Name,SOKUIKI Sensor URG-04LX-UG01(Simple-URG),Firmware Version,3.4.03,Firmware Date,17/Dec./2012,Protocol Version,SCIP 2.0,Device ID,H1885254,Computed Latency,0.-97883417,User Time Offset,0.000000000,Device Status,Sensor works well.,Scan Retrieve Error Count,0,Lidar Error Code,0,Locked out,False,0,urg_node_front: Laser Scan topic status,,H1885254,Events in window,50,Events since startup,14810,Duration of window (s),5.046794,Actual frequency (Hz),9.907281,Target frequency (Hz),10.000000,Minimum acceptable frequency (Hz),9.500000,Maximum acceptable frequency (Hz),10.500000
1583763082195279398,1485,1583763082197552189,,0,urg_node_front: Hardware Status,Streaming,H1885254,Serial Port,/dev/devices/hokuyofront,Serial Baud,115200,Vendor Name,Hokuyo Automatic Co.,Ltd.,Product Name,SOKUIKI Sensor URG-04LX-UG01(Simple-URG),Firmware Version,3.4.03,Firmware Date,17/Dec./2012,Protocol Version,SCIP 2.0,Device ID,H1885254,Computed Latency,0.-97883417,User Time Offset,0.000000000,Device Status,Sensor works well.,Scan Retrieve Error Count,0,Lidar Error Code,0,Locked out,False,0,urg_node_front: Laser Scan topic status,,H1885254,Events in window,50,Events since startup,14820,Duration of window (s),5.046419,Actual frequency (Hz),9.908015,Target frequency (Hz),10.000000,Minimum acceptable frequency (Hz),9.500000,Maximum acceptable frequency (Hz),10.500000
1583763083202927375,1486,1583763083205466982,,0,urg_node_front: Hardware Status,Streaming,H1885254,Serial Port,/dev/devices/hokuyofront,Serial Baud,115200,Vendor Name,Hokuyo Automatic Co.,Ltd.,Product Name,SOKUIKI Sensor URG-04LX-UG01(Simple-URG),Firmware Version,3.4.03,Firmware Date,17/Dec./2012,Protocol Version,SCIP 2.0,Device ID,H1885254,Computed Latency,0.-97883417,User Time Offset,0.000000000,Device Status,Sensor works well.,Scan Retrieve Error Count,0,Lidar Error Code,0,Locked out,False,0,urg_node_front: Laser Scan topic status,,H1885254,Events in window,50,Events since startup,14830,Duration of window (s),5.045416,Actual frequency (Hz),9.909986,Target frequency (Hz),10.000000,Minimum acceptable frequency (Hz),9.500000,Maximum acceptable frequency (Hz),10.500000
1583763084240057268,1487,1583763084213289066,,0,urg_node_front: Hardware Status,Streaming,H1885254,Serial Port,/dev/devices/hokuyofront,Serial Baud,115200,Vendor Name,Hokuyo Automatic Co.,Ltd.,Product Name,SOKUIKI Sensor URG-04LX-UG01(Simple-URG),Firmware Version,3.4.03,Firmware Date,17/Dec./2012,Protocol Version,SCIP 2.0,Device ID,H1885254,Computed Latency,0.-97883417,User Time Offset,0.000000000,Device Status,Sensor works well.,Scan Retrieve Error Count,0,Lidar Error Code,0,Locked out,False,0,urg_node_front: Laser Scan topic status,,H1885254,Events in window,50,Events since startup,14840,Duration of window (s),5.043876,Actual frequency (Hz),9.913011,Target frequency (Hz),10.000000,Minimum acceptable frequency (Hz),9.500000,Maximum acceptable frequency (Hz),10.500000
1583763085223282409,1488,1583763085221420928,,0,urg_node_front: Hardware Status,Streaming,H1885254,Serial Port,/dev/devices/hokuyofront,Serial Baud,115200,Vendor Name,Hokuyo Automatic Co.,Ltd.,Product Name,SOKUIKI Sensor URG-04LX-UG01(Simple-URG),Firmware Version,3.4.03,Firmware Date,17/Dec./2012,Protocol Version,SCIP 2.0,Device ID,H1885254,Computed Latency,0.-97883417,User Time Offset,0.000000000,Device Status,Sensor works well.,Scan Retrieve Error Count,0,Lidar Error Code,0,Locked out,False,0,urg_node_front: Laser Scan topic status,,H1885254,Events in window,50,Events since startup,14850,Duration of window (s),5.042141,Actual frequency (Hz),9.916423,Target frequency (Hz),10.000000,Minimum acceptable frequency (Hz),9.500000,Maximum acceptable frequency (Hz),10.500000
1583763086225309130,1489,1583763086228415844,,0,urg_node_front: Hardware Status,Streaming,H1885254,Serial Port,/dev/devices/hokuyofront,Serial Baud,115200,Vendor Name,Hokuyo Automatic Co.,Ltd.,Product Name,SOKUIKI Sensor URG-04LX-UG01(Simple-URG),Firmware Version,3.4.03,Firmware Date,17/Dec./2012,Protocol Version,SCIP 2.0,Device ID,H1885254,Computed Latency,0.-97883417,User Time Offset,0.000000000,Device Status,Sensor works well.,Scan Retrieve Error Count,0,Lidar Error Code,0,Locked out,False,0,urg_node_front: Laser Scan topic status,,H1885254,Events in window,50,Events since startup,14860,Duration of window (s),5.039618,Actual frequency (Hz),9.921387,Target frequency (Hz),10.000000,Minimum acceptable frequency (Hz),9.500000,Maximum acceptable frequency (Hz),10.500000
1583763087247673962,1490,1583763087237561533,,0,urg_node_front: Hardware Status,Streaming,H1885254,Serial Port,/dev/devices/hokuyofront,Serial Baud,115200,Vendor Name,Hokuyo Automatic Co.,Ltd.,Product Name,SOKUIKI Sensor URG-04LX-UG01(Simple-URG),Firmware Version,3.4.03,Firmware Date,17/Dec./2012,Protocol Version,SCIP 2.0,Device ID,H1885254,Computed Latency,0.-97883417,User Time Offset,0.000000000,Device Status,Sensor works well.,Scan Retrieve Error Count,0,Lidar Error Code,0,Locked out,False,0,urg_node_front: Laser Scan topic status,,H1885254,Events in window,50,Events since startup,14870,Duration of window (s),5.040019,Actual frequency (Hz),9.920598,Target frequency (Hz),10.000000,Minimum acceptable frequency (Hz),9.500000,Maximum acceptable frequency (Hz),10.500000
1583763088244802834,1491,1583763088245889849,,0,urg_node_front: Hardware Status,Streaming,H1885254,Serial Port,/dev/devices/hokuyofront,Serial Baud,115200,Vendor Name,Hokuyo Automatic Co.,Ltd.,Product Name,SOKUIKI Sensor URG-04LX-UG01(Simple-URG),Firmware Version,3.4.03,Firmware Date,17/Dec./2012,Protocol Version,SCIP 2.0,Device ID,H1885254,Computed Latency,0.-97883417,User Time Offset,0.000000000,Device Status,Sensor works well.,Scan Retrieve Error Count,0,Lidar Error Code,0,Locked out,False,0,urg_node_front: Laser Scan topic status,,H1885254,Events in window,50,Events since startup,14880,Duration of window (s),5.040411,Actual frequency (Hz),9.919825,Target frequency (Hz),10.000000,Minimum acceptable frequency (Hz),9.500000,Maximum acceptable frequency (Hz),10.500000
1583763089252667842,1492,1583763089254984889,,0,urg_node_front: Hardware Status,Streaming,H1885254,Serial Port,/dev/devices/hokuyofront,Serial Baud,115200,Vendor Name,Hokuyo Automatic Co.,Ltd.,Product Name,SOKUIKI Sensor URG-04LX-UG01(Simple-URG),Firmware Version,3.4.03,Firmware Date,17/Dec./2012,Protocol Version,SCIP 2.0,Device ID,H1885254,Computed Latency,0.-97883417,User Time Offset,0.000000000,Device Status,Sensor works well.,Scan Retrieve Error Count,0,Lidar Error Code,0,Locked out,False,0,urg_node_front: Laser Scan topic status,,H1885254,Events in window,50,Events since startup,14890,Duration of window (s),5.041708,Actual frequency (Hz),9.917274,Target frequency (Hz),10.000000,Minimum acceptable frequency (Hz),9.500000,Maximum acceptable frequency (Hz),10.500000
1583763090265446194,1493,1583763090261501514,,0,urg_node_front: Hardware Status,Streaming,H1885254,Serial Port,/dev/devices/hokuyofront,Serial Baud,115200,Vendor Name,Hokuyo Automatic Co.,Ltd.,Product Name,SOKUIKI Sensor URG-04LX-UG01(Simple-URG),Firmware Version,3.4.03,Firmware Date,17/Dec./2012,Protocol Version,SCIP 2.0,Device ID,H1885254,Computed Latency,0.-97883417,User Time Offset,0.000000000,Device Status,Sensor works well.,Scan Retrieve Error Count,0,Lidar Error Code,0,Locked out,False,0,urg_node_front: Laser Scan topic status,,H1885254,Events in window,50,Events since startup,14900,Duration of window (s),5.040138,Actual frequency (Hz),9.920363,Target frequency (Hz),10.000000,Minimum acceptable frequency (Hz),9.500000,Maximum acceptable frequency (Hz),10.500000
1583763091268463988,1494,1583763091262203381,,0,urg_node_front: Hardware Status,Streaming,H1885254,Serial Port,/dev/devices/hokuyofront,Serial Baud,115200,Vendor Name,Hokuyo Automatic Co.,Ltd.,Product Name,SOKUIKI Sensor URG-04LX-UG01(Simple-URG),Firmware Version,3.4.03,Firmware Date,17/Dec./2012,Protocol Version,SCIP 2.0,Device ID,H1885254,Computed Latency,0.-97883417,User Time Offset,0.000000000,Device Status,Sensor works well.,Scan Retrieve Error Count,0,Lidar Error Code,0,Locked out,False,0,urg_node_front: Laser Scan topic status,,H1885254,Events in window,50,Events since startup,14910,Duration of window (s),5.033773,Actual frequency (Hz),9.932908,Target frequency (Hz),10.000000,Minimum acceptable frequency (Hz),9.500000,Maximum acceptable frequency (Hz),10.500000
1583763092288571296,1495,1583763092270448548,,0,urg_node_front: Hardware Status,Streaming,H1885254,Serial Port,/dev/devices/hokuyofront,Serial Baud,115200,Vendor Name,Hokuyo Automatic Co.,Ltd.,Product Name,SOKUIKI Sensor URG-04LX-UG01(Simple-URG),Firmware Version,3.4.03,Firmware Date,17/Dec./2012,Protocol Version,SCIP 2.0,Device ID,H1885254,Computed Latency,0.-97883417,User Time Offset,0.000000000,Device Status,Sensor works well.,Scan Retrieve Error Count,0,Lidar Error Code,0,Locked out,False,0,urg_node_front: Laser Scan topic status,,H1885254,Events in window,51,Events since startup,14921,Duration of window (s),5.032892,Actual frequency (Hz),10.133340,Target frequency (Hz),10.000000,Minimum acceptable frequency (Hz),9.500000,Maximum acceptable frequency (Hz),10.500000
1583763093278857012,1496,1583763093280372554,,0,urg_node_front: Hardware Status,Streaming,H1885254,Serial Port,/dev/devices/hokuyofront,Serial Baud,115200,Vendor Name,Hokuyo Automatic Co.,Ltd.,Product Name,SOKUIKI Sensor URG-04LX-UG01(Simple-URG),Firmware Version,3.4.03,Firmware Date,17/Dec./2012,Protocol Version,SCIP 2.0,Device ID,H1885254,Computed Latency,0.-97883417,User Time Offset,0.000000000,Device Status,Sensor works well.,Scan Retrieve Error Count,0,Lidar Error Code,0,Locked out,False,0,urg_node_front: Laser Scan topic status,,H1885254,Events in window,51,Events since startup,14931,Duration of window (s),5.034495,Actual frequency (Hz),10.130112,Target frequency (Hz),10.000000,Minimum acceptable frequency (Hz),9.500000,Maximum acceptable frequency (Hz),10.500000
1583763094287925541,1497,1583763094290748834,,0,urg_node_front: Hardware Status,Streaming,H1885254,Serial Port,/dev/devices/hokuyofront,Serial Baud,115200,Vendor Name,Hokuyo Automatic Co.,Ltd.,Product Name,SOKUIKI Sensor URG-04LX-UG01(Simple-URG),Firmware Version,3.4.03,Firmware Date,17/Dec./2012,Protocol Version,SCIP 2.0,Device ID,H1885254,Computed Latency,0.-97883417,User Time Offset,0.000000000,Device Status,Sensor works well.,Scan Retrieve Error Count,0,Lidar Error Code,0,Locked out,False,0,urg_node_front: Laser Scan topic status,,H1885254,Events in window,51,Events since startup,14941,Duration of window (s),5.035759,Actual frequency (Hz),10.127569,Target frequency (Hz),10.000000,Minimum acceptable frequency (Hz),9.500000,Maximum acceptable frequency (Hz),10.500000
1583763095307320697,1498,1583763095299897362,,0,urg_node_front: Hardware Status,Streaming,H1885254,Serial Port,/dev/devices/hokuyofront,Serial Baud,115200,Vendor Name,Hokuyo Automatic Co.,Ltd.,Product Name,SOKUIKI Sensor URG-04LX-UG01(Simple-URG),Firmware Version,3.4.03,Firmware Date,17/Dec./2012,Protocol Version,SCIP 2.0,Device ID,H1885254,Computed Latency,0.-97883417,User Time Offset,0.000000000,Device Status,Sensor works well.,Scan Retrieve Error Count,0,Lidar Error Code,0,Locked out,False,0,urg_node_front: Laser Scan topic status,,H1885254,Events in window,51,Events since startup,14951,Duration of window (s),5.038365,Actual frequency (Hz),10.122332,Target frequency (Hz),10.000000,Minimum acceptable frequency (Hz),9.500000,Maximum acceptable frequency (Hz),10.500000
1583763096307150637,1499,1583763096310086579,,0,urg_node_front: Hardware Status,Streaming,H1885254,Serial Port,/dev/devices/hokuyofront,Serial Baud,115200,Vendor Name,Hokuyo Automatic Co.,Ltd.,Product Name,SOKUIKI Sensor URG-04LX-UG01(Simple-URG),Firmware Version,3.4.03,Firmware Date,17/Dec./2012,Protocol Version,SCIP 2.0,Device ID,H1885254,Computed Latency,0.-97883417,User Time Offset,0.000000000,Device Status,Sensor works well.,Scan Retrieve Error Count,0,Lidar Error Code,0,Locked out,False,0,urg_node_front: Laser Scan topic status,,H1885254,Events in window,51,Events since startup,14961,Duration of window (s),5.047893,Actual frequency (Hz),10.103226,Target frequency (Hz),10.000000,Minimum acceptable frequency (Hz),9.500000,Maximum acceptable frequency (Hz),10.500000
1583763097408010822,1500,1583763097310688649,,0,urg_node_front: Hardware Status,Streaming,H1885254,Serial Port,/dev/devices/hokuyofront,Serial Baud,115200,Vendor Name,Hokuyo Automatic Co.,Ltd.,Product Name,SOKUIKI Sensor URG-04LX-UG01(Simple-URG),Firmware Version,3.4.03,Firmware Date,17/Dec./2012,Protocol Version,SCIP 2.0,Device ID,H1885254,Computed Latency,0.-97883417,User Time Offset,0.000000000,Device Status,Sensor works well.,Scan Retrieve Error Count,0,Lidar Error Code,0,Locked out,False,0,urg_node_front: Laser Scan topic status,,H1885254,Events in window,50,Events since startup,14971,Duration of window (s),5.040237,Actual frequency (Hz),9.920169,Target frequency (Hz),10.000000,Minimum acceptable frequency (Hz),9.500000,Maximum acceptable frequency (Hz),10.500000
1583763098332003974,1501,1583763098319876216,,0,urg_node_front: Hardware Status,Streaming,H1885254,Serial Port,/dev/devices/hokuyofront,Serial Baud,115200,Vendor Name,Hokuyo Automatic Co.,Ltd.,Product Name,SOKUIKI Sensor URG-04LX-UG01(Simple-URG),Firmware Version,3.4.03,Firmware Date,17/Dec./2012,Protocol Version,SCIP 2.0,Device ID,H1885254,Computed Latency,0.-97883417,User Time Offset,0.000000000,Device Status,Sensor works well.,Scan Retrieve Error Count,0,Lidar Error Code,0,Locked out,False,0,urg_node_front: Laser Scan topic status,,H1885254,Events in window,50,Events since startup,14981,Duration of window (s),5.039473,Actual frequency (Hz),9.921672,Target frequency (Hz),10.000000,Minimum acceptable frequency (Hz),9.500000,Maximum acceptable frequency (Hz),10.500000
1583763099390330337,1502,1583763099325735411,,0,urg_node_front: Hardware Status,Streaming,H1885254,Serial Port,/dev/devices/hokuyofront,Serial Baud,115200,Vendor Name,Hokuyo Automatic Co.,Ltd.,Product Name,SOKUIKI Sensor URG-04LX-UG01(Simple-URG),Firmware Version,3.4.03,Firmware Date,17/Dec./2012,Protocol Version,SCIP 2.0,Device ID,H1885254,Computed Latency,0.-97883417,User Time Offset,0.000000000,Device Status,Sensor works well.,Scan Retrieve Error Count,0,Lidar Error Code,0,Locked out,False,0,urg_node_front: Laser Scan topic status,,H1885254,Events in window,50,Events since startup,14991,Duration of window (s),5.035013,Actual frequency (Hz),9.930462,Target frequency (Hz),10.000000,Minimum acceptable frequency (Hz),9.500000,Maximum acceptable frequency (Hz),10.500000
1583763100333497014,1503,1583763100333608176,,0,urg_node_front: Hardware Status,Streaming,H1885254,Serial Port,/dev/devices/hokuyofront,Serial Baud,115200,Vendor Name,Hokuyo Automatic Co.,Ltd.,Product Name,SOKUIKI Sensor URG-04LX-UG01(Simple-URG),Firmware Version,3.4.03,Firmware Date,17/Dec./2012,Protocol Version,SCIP 2.0,Device ID,H1885254,Computed Latency,0.-97883417,User Time Offset,0.000000000,Device Status,Sensor works well.,Scan Retrieve Error Count,0,Lidar Error Code,0,Locked out,False,0,urg_node_front: Laser Scan topic status,,H1885254,Events in window,50,Events since startup,15001,Duration of window (s),5.033740,Actual frequency (Hz),9.932972,Target frequency (Hz),10.000000,Minimum acceptable frequency (Hz),9.500000,Maximum acceptable frequency (Hz),10.500000
1583763101337589049,1504,1583763101339175281,,0,urg_node_front: Hardware Status,Streaming,H1885254,Serial Port,/dev/devices/hokuyofront,Serial Baud,115200,Vendor Name,Hokuyo Automatic Co.,Ltd.,Product Name,SOKUIKI Sensor URG-04LX-UG01(Simple-URG),Firmware Version,3.4.03,Firmware Date,17/Dec./2012,Protocol Version,SCIP 2.0,Device ID,H1885254,Computed Latency,0.-97883417,User Time Offset,0.000000000,Device Status,Sensor works well.,Scan Retrieve Error Count,0,Lidar Error Code,0,Locked out,False,0,urg_node_front: Laser Scan topic status,,H1885254,Events in window,50,Events since startup,15011,Duration of window (s),5.029095,Actual frequency (Hz),9.942147,Target frequency (Hz),10.000000,Minimum acceptable frequency (Hz),9.500000,Maximum acceptable frequency (Hz),10.500000
1583763102343812420,1505,1583763102346694860,,0,urg_node_front: Hardware Status,Streaming,H1885254,Serial Port,/dev/devices/hokuyofront,Serial Baud,115200,Vendor Name,Hokuyo Automatic Co.,Ltd.,Product Name,SOKUIKI Sensor URG-04LX-UG01(Simple-URG),Firmware Version,3.4.03,Firmware Date,17/Dec./2012,Protocol Version,SCIP 2.0,Device ID,H1885254,Computed Latency,0.-97883417,User Time Offset,0.000000000,Device Status,Sensor works well.,Scan Retrieve Error Count,0,Lidar Error Code,0,Locked out,False,0,urg_node_front: Laser Scan topic status,,H1885254,Events in window,50,Events since startup,15021,Duration of window (s),5.035994,Actual frequency (Hz),9.928527,Target frequency (Hz),10.000000,Minimum acceptable frequency (Hz),9.500000,Maximum acceptable frequency (Hz),10.500000
1583763103353203596,1506,1583763103355374137,,0,urg_node_front: Hardware Status,Streaming,H1885254,Serial Port,/dev/devices/hokuyofront,Serial Baud,115200,Vendor Name,Hokuyo Automatic Co.,Ltd.,Product Name,SOKUIKI Sensor URG-04LX-UG01(Simple-URG),Firmware Version,3.4.03,Firmware Date,17/Dec./2012,Protocol Version,SCIP 2.0,Device ID,H1885254,Computed Latency,0.-97883417,User Time Offset,0.000000000,Device Status,Sensor works well.,Scan Retrieve Error Count,0,Lidar Error Code,0,Locked out,False,0,urg_node_front: Laser Scan topic status,,H1885254,Events in window,50,Events since startup,15031,Duration of window (s),5.035524,Actual frequency (Hz),9.929452,Target frequency (Hz),10.000000,Minimum acceptable frequency (Hz),9.500000,Maximum acceptable frequency (Hz),10.500000
1583763104366283835,1507,1583763104364334626,,0,urg_node_front: Hardware Status,Streaming,H1885254,Serial Port,/dev/devices/hokuyofront,Serial Baud,115200,Vendor Name,Hokuyo Automatic Co.,Ltd.,Product Name,SOKUIKI Sensor URG-04LX-UG01(Simple-URG),Firmware Version,3.4.03,Firmware Date,17/Dec./2012,Protocol Version,SCIP 2.0,Device ID,H1885254,Computed Latency,0.-97883417,User Time Offset,0.000000000,Device Status,Sensor works well.,Scan Retrieve Error Count,0,Lidar Error Code,0,Locked out,False,0,urg_node_front: Laser Scan topic status,,H1885254,Events in window,50,Events since startup,15041,Duration of window (s),5.038576,Actual frequency (Hz),9.923438,Target frequency (Hz),10.000000,Minimum acceptable frequency (Hz),9.500000,Maximum acceptable frequency (Hz),10.500000
1583763105368912545,1508,1583763105371889391,,0,urg_node_front: Hardware Status,Streaming,H1885254,Serial Port,/dev/devices/hokuyofront,Serial Baud,115200,Vendor Name,Hokuyo Automatic Co.,Ltd.,Product Name,SOKUIKI Sensor URG-04LX-UG01(Simple-URG),Firmware Version,3.4.03,Firmware Date,17/Dec./2012,Protocol Version,SCIP 2.0,Device ID,H1885254,Computed Latency,0.-97883417,User Time Offset,0.000000000,Device Status,Sensor works well.,Scan Retrieve Error Count,0,Lidar Error Code,0,Locked out,False,0,urg_node_front: Laser Scan topic status,,H1885254,Events in window,50,Events since startup,15051,Duration of window (s),5.038278,Actual frequency (Hz),9.924027,Target frequency (Hz),10.000000,Minimum acceptable frequency (Hz),9.500000,Maximum acceptable frequency (Hz),10.500000
1583763106376716395,1509,1583763106378070375,,0,urg_node_front: Hardware Status,Streaming,H1885254,Serial Port,/dev/devices/hokuyofront,Serial Baud,115200,Vendor Name,Hokuyo Automatic Co.,Ltd.,Product Name,SOKUIKI Sensor URG-04LX-UG01(Simple-URG),Firmware Version,3.4.03,Firmware Date,17/Dec./2012,Protocol Version,SCIP 2.0,Device ID,H1885254,Computed Latency,0.-97883417,User Time Offset,0.000000000,Device Status,Sensor works well.,Scan Retrieve Error Count,0,Lidar Error Code,0,Locked out,False,0,urg_node_front: Laser Scan topic status,,H1885254,Events in window,50,Events since startup,15061,Duration of window (s),5.038893,Actual frequency (Hz),9.922814,Target frequency (Hz),10.000000,Minimum acceptable frequency (Hz),9.500000,Maximum acceptable frequency (Hz),10.500000
1583763107383714508,1510,1583763107385587964,,0,urg_node_front: Hardware Status,Streaming,H1885254,Serial Port,/dev/devices/hokuyofront,Serial Baud,115200,Vendor Name,Hokuyo Automatic Co.,Ltd.,Product Name,SOKUIKI Sensor URG-04LX-UG01(Simple-URG),Firmware Version,3.4.03,Firmware Date,17/Dec./2012,Protocol Version,SCIP 2.0,Device ID,H1885254,Computed Latency,0.-97883417,User Time Offset,0.000000000,Device Status,Sensor works well.,Scan Retrieve Error Count,0,Lidar Error Code,0,Locked out,False,0,urg_node_front: Laser Scan topic status,,H1885254,Events in window,50,Events since startup,15071,Duration of window (s),5.038879,Actual frequency (Hz),9.922841,Target frequency (Hz),10.000000,Minimum acceptable frequency (Hz),9.500000,Maximum acceptable frequency (Hz),10.500000
1583763108390774274,1511,1583763108393576202,,0,urg_node_front: Hardware Status,Streaming,H1885254,Serial Port,/dev/devices/hokuyofront,Serial Baud,115200,Vendor Name,Hokuyo Automatic Co.,Ltd.,Product Name,SOKUIKI Sensor URG-04LX-UG01(Simple-URG),Firmware Version,3.4.03,Firmware Date,17/Dec./2012,Protocol Version,SCIP 2.0,Device ID,H1885254,Computed Latency,0.-97883417,User Time Offset,0.000000000,Device Status,Sensor works well.,Scan Retrieve Error Count,0,Lidar Error Code,0,Locked out,False,0,urg_node_front: Laser Scan topic status,,H1885254,Events in window,50,Events since startup,15081,Duration of window (s),5.038204,Actual frequency (Hz),9.924171,Target frequency (Hz),10.000000,Minimum acceptable frequency (Hz),9.500000,Maximum acceptable frequency (Hz),10.500000
1583763109404403454,1512,1583763109401307737,,0,urg_node_front: Hardware Status,Streaming,H1885254,Serial Port,/dev/devices/hokuyofront,Serial Baud,115200,Vendor Name,Hokuyo Automatic Co.,Ltd.,Product Name,SOKUIKI Sensor URG-04LX-UG01(Simple-URG),Firmware Version,3.4.03,Firmware Date,17/Dec./2012,Protocol Version,SCIP 2.0,Device ID,H1885254,Computed Latency,0.-97883417,User Time Offset,0.000000000,Device Status,Sensor works well.,Scan Retrieve Error Count,0,Lidar Error Code,0,Locked out,False,0,urg_node_front: Laser Scan topic status,,H1885254,Events in window,51,Events since startup,15092,Duration of window (s),5.036973,Actual frequency (Hz),10.125129,Target frequency (Hz),10.000000,Minimum acceptable frequency (Hz),9.500000,Maximum acceptable frequency (Hz),10.500000
1583763110408928705,1513,1583763110411578934,,0,urg_node_front: Hardware Status,Streaming,H1885254,Serial Port,/dev/devices/hokuyofront,Serial Baud,115200,Vendor Name,Hokuyo Automatic Co.,Ltd.,Product Name,SOKUIKI Sensor URG-04LX-UG01(Simple-URG),Firmware Version,3.4.03,Firmware Date,17/Dec./2012,Protocol Version,SCIP 2.0,Device ID,H1885254,Computed Latency,0.-97883417,User Time Offset,0.000000000,Device Status,Sensor works well.,Scan Retrieve Error Count,0,Lidar Error Code,0,Locked out,False,0,urg_node_front: Laser Scan topic status,,H1885254,Events in window,51,Events since startup,15102,Duration of window (s),5.039681,Actual frequency (Hz),10.119688,Target frequency (Hz),10.000000,Minimum acceptable frequency (Hz),9.500000,Maximum acceptable frequency (Hz),10.500000
1583763111418374090,1514,1583763111421221110,,0,urg_node_front: Hardware Status,Streaming,H1885254,Serial Port,/dev/devices/hokuyofront,Serial Baud,115200,Vendor Name,Hokuyo Automatic Co.,Ltd.,Product Name,SOKUIKI Sensor URG-04LX-UG01(Simple-URG),Firmware Version,3.4.03,Firmware Date,17/Dec./2012,Protocol Version,SCIP 2.0,Device ID,H1885254,Computed Latency,0.-97883417,User Time Offset,0.000000000,Device Status,Sensor works well.,Scan Retrieve Error Count,0,Lidar Error Code,0,Locked out,False,0,urg_node_front: Laser Scan topic status,,H1885254,Events in window,51,Events since startup,15112,Duration of window (s),5.043151,Actual frequency (Hz),10.112724,Target frequency (Hz),10.000000,Minimum acceptable frequency (Hz),9.500000,Maximum acceptable frequency (Hz),10.500000
1583763112433719540,1515,1583763112431068955,,0,urg_node_front: Hardware Status,Streaming,H1885254,Serial Port,/dev/devices/hokuyofront,Serial Baud,115200,Vendor Name,Hokuyo Automatic Co.,Ltd.,Product Name,SOKUIKI Sensor URG-04LX-UG01(Simple-URG),Firmware Version,3.4.03,Firmware Date,17/Dec./2012,Protocol Version,SCIP 2.0,Device ID,H1885254,Computed Latency,0.-97883417,User Time Offset,0.000000000,Device Status,Sensor works well.,Scan Retrieve Error Count,0,Lidar Error Code,0,Locked out,False,0,urg_node_front: Laser Scan topic status,,H1885254,Events in window,51,Events since startup,15122,Duration of window (s),5.045509,Actual frequency (Hz),10.107999,Target frequency (Hz),10.000000,Minimum acceptable frequency (Hz),9.500000,Maximum acceptable frequency (Hz),10.500000
1583763113428243232,1516,1583763113431367000,,0,urg_node_front: Hardware Status,Streaming,H1885254,Serial Port,/dev/devices/hokuyofront,Serial Baud,115200,Vendor Name,Hokuyo Automatic Co.,Ltd.,Product Name,SOKUIKI Sensor URG-04LX-UG01(Simple-URG),Firmware Version,3.4.03,Firmware Date,17/Dec./2012,Protocol Version,SCIP 2.0,Device ID,H1885254,Computed Latency,0.-97883417,User Time Offset,0.000000000,Device Status,Sensor works well.,Scan Retrieve Error Count,0,Lidar Error Code,0,Locked out,False,0,urg_node_front: Laser Scan topic status,,H1885254,Events in window,51,Events since startup,15132,Duration of window (s),5.037758,Actual frequency (Hz),10.123552,Target frequency (Hz),10.000000,Minimum acceptable frequency (Hz),9.500000,Maximum acceptable frequency (Hz),10.500000
1583763114444018639,1517,1583763114441018113,,0,urg_node_front: Hardware Status,Streaming,H1885254,Serial Port,/dev/devices/hokuyofront,Serial Baud,115200,Vendor Name,Hokuyo Automatic Co.,Ltd.,Product Name,SOKUIKI Sensor URG-04LX-UG01(Simple-URG),Firmware Version,3.4.03,Firmware Date,17/Dec./2012,Protocol Version,SCIP 2.0,Device ID,H1885254,Computed Latency,0.-97883417,User Time Offset,0.000000000,Device Status,Sensor works well.,Scan Retrieve Error Count,0,Lidar Error Code,0,Locked out,False,0,urg_node_front: Laser Scan topic status,,H1885254,Events in window,50,Events since startup,15142,Duration of window (s),5.039712,Actual frequency (Hz),9.921201,Target frequency (Hz),10.000000,Minimum acceptable frequency (Hz),9.500000,Maximum acceptable frequency (Hz),10.500000
1583763115446731451,1518,1583763115449694636,,0,urg_node_front: Hardware Status,Streaming,H1885254,Serial Port,/dev/devices/hokuyofront,Serial Baud,115200,Vendor Name,Hokuyo Automatic Co.,Ltd.,Product Name,SOKUIKI Sensor URG-04LX-UG01(Simple-URG),Firmware Version,3.4.03,Firmware Date,17/Dec./2012,Protocol Version,SCIP 2.0,Device ID,H1885254,Computed Latency,0.-97883417,User Time Offset,0.000000000,Device Status,Sensor works well.,Scan Retrieve Error Count,0,Lidar Error Code,0,Locked out,False,0,urg_node_front: Laser Scan topic status,,H1885254,Events in window,50,Events since startup,15152,Duration of window (s),5.038116,Actual frequency (Hz),9.924345,Target frequency (Hz),10.000000,Minimum acceptable frequency (Hz),9.500000,Maximum acceptable frequency (Hz),10.500000
1583763116457235206,1519,1583763116460095768,,0,urg_node_front: Hardware Status,Streaming,H1885254,Serial Port,/dev/devices/hokuyofront,Serial Baud,115200,Vendor Name,Hokuyo Automatic Co.,Ltd.,Product Name,SOKUIKI Sensor URG-04LX-UG01(Simple-URG),Firmware Version,3.4.03,Firmware Date,17/Dec./2012,Protocol Version,SCIP 2.0,Device ID,H1885254,Computed Latency,0.-97883417,User Time Offset,0.000000000,Device Status,Sensor works well.,Scan Retrieve Error Count,0,Lidar Error Code,0,Locked out,False,0,urg_node_front: Laser Scan topic status,,H1885254,Events in window,50,Events since startup,15162,Duration of window (s),5.038865,Actual frequency (Hz),9.922869,Target frequency (Hz),10.000000,Minimum acceptable frequency (Hz),9.500000,Maximum acceptable frequency (Hz),10.500000
1583763117465661889,1520,1583763117467705050,,0,urg_node_front: Hardware Status,Streaming,H1885254,Serial Port,/dev/devices/hokuyofront,Serial Baud,115200,Vendor Name,Hokuyo Automatic Co.,Ltd.,Product Name,SOKUIKI Sensor URG-04LX-UG01(Simple-URG),Firmware Version,3.4.03,Firmware Date,17/Dec./2012,Protocol Version,SCIP 2.0,Device ID,H1885254,Computed Latency,0.-97883417,User Time Offset,0.000000000,Device Status,Sensor works well.,Scan Retrieve Error Count,0,Lidar Error Code,0,Locked out,False,0,urg_node_front: Laser Scan topic status,,H1885254,Events in window,50,Events since startup,15172,Duration of window (s),5.036590,Actual frequency (Hz),9.927353,Target frequency (Hz),10.000000,Minimum acceptable frequency (Hz),9.500000,Maximum acceptable frequency (Hz),10.500000
1583763118471231197,1521,1583763118474301498,,0,urg_node_front: Hardware Status,Streaming,H1885254,Serial Port,/dev/devices/hokuyofront,Serial Baud,115200,Vendor Name,Hokuyo Automatic Co.,Ltd.,Product Name,SOKUIKI Sensor URG-04LX-UG01(Simple-URG),Firmware Version,3.4.03,Firmware Date,17/Dec./2012,Protocol Version,SCIP 2.0,Device ID,H1885254,Computed Latency,0.-97883417,User Time Offset,0.000000000,Device Status,Sensor works well.,Scan Retrieve Error Count,0,Lidar Error Code,0,Locked out,False,0,urg_node_front: Laser Scan topic status,,H1885254,Events in window,50,Events since startup,15182,Duration of window (s),5.042985,Actual frequency (Hz),9.914763,Target frequency (Hz),10.000000,Minimum acceptable frequency (Hz),9.500000,Maximum acceptable frequency (Hz),10.500000
1583763119490286707,1522,1583763119483033744,,0,urg_node_front: Hardware Status,Streaming,H1885254,Serial Port,/dev/devices/hokuyofront,Serial Baud,115200,Vendor Name,Hokuyo Automatic Co.,Ltd.,Product Name,SOKUIKI Sensor URG-04LX-UG01(Simple-URG),Firmware Version,3.4.03,Firmware Date,17/Dec./2012,Protocol Version,SCIP 2.0,Device ID,H1885254,Computed Latency,0.-97883417,User Time Offset,0.000000000,Device Status,Sensor works well.,Scan Retrieve Error Count,0,Lidar Error Code,0,Locked out,False,0,urg_node_front: Laser Scan topic status,,H1885254,Events in window,50,Events since startup,15192,Duration of window (s),5.041981,Actual frequency (Hz),9.916738,Target frequency (Hz),10.000000,Minimum acceptable frequency (Hz),9.500000,Maximum acceptable frequency (Hz),10.500000
1583763120495502098,1523,1583763120490363750,,0,urg_node_front: Hardware Status,Streaming,H1885254,Serial Port,/dev/devices/hokuyofront,Serial Baud,115200,Vendor Name,Hokuyo Automatic Co.,Ltd.,Product Name,SOKUIKI Sensor URG-04LX-UG01(Simple-URG),Firmware Version,3.4.03,Firmware Date,17/Dec./2012,Protocol Version,SCIP 2.0,Device ID,H1885254,Computed Latency,0.-97883417,User Time Offset,0.000000000,Device Status,Sensor works well.,Scan Retrieve Error Count,0,Lidar Error Code,0,Locked out,False,0,urg_node_front: Laser Scan topic status,,H1885254,Events in window,50,Events since startup,15202,Duration of window (s),5.040658,Actual frequency (Hz),9.919341,Target frequency (Hz),10.000000,Minimum acceptable frequency (Hz),9.500000,Maximum acceptable frequency (Hz),10.500000
1583763121496292554,1524,1583763121499059020,,0,urg_node_front: Hardware Status,Streaming,H1885254,Serial Port,/dev/devices/hokuyofront,Serial Baud,115200,Vendor Name,Hokuyo Automatic Co.,Ltd.,Product Name,SOKUIKI Sensor URG-04LX-UG01(Simple-URG),Firmware Version,3.4.03,Firmware Date,17/Dec./2012,Protocol Version,SCIP 2.0,Device ID,H1885254,Computed Latency,0.-97883417,User Time Offset,0.000000000,Device Status,Sensor works well.,Scan Retrieve Error Count,0,Lidar Error Code,0,Locked out,False,0,urg_node_front: Laser Scan topic status,,H1885254,Events in window,50,Events since startup,15212,Duration of window (s),5.038943,Actual frequency (Hz),9.922716,Target frequency (Hz),10.000000,Minimum acceptable frequency (Hz),9.500000,Maximum acceptable frequency (Hz),10.500000
